"Hashtag","Frequency","screen_name"
"Obamacare",94,"RepMeehan"
"Delco",93,"RepMeehan"
"House",44,"RepMeehan"
"OnThisDay",35,"RepMeehan"
"DDay70",32,"RepMeehan"
"DC",27,"RepMeehan"
"Iran",26,"RepMeehan"
"SOTU",26,"RepMeehan"
"VA",26,"RepMeehan"
"ObamaCare",25,"RepMeehan"
"cybersecurity",23,"RepMeehan"
"BokoHaram",22,"RepMeehan"
"Montco",21,"RepMeehan"
"Washington",21,"RepMeehan"
"PA",20,"RepMeehan"
"Chesco",18,"RepMeehan"
"IranDeal",18,"RepMeehan"
"cyber",17,"RepMeehan"
"IRS",17,"RepMeehan"
"jobs",17,"RepMeehan"
"MeehanYLS15",15,"RepMeehan"
"NotOneCent",15,"RepMeehan"
"Pennsylvania",14,"RepMeehan"
"Congress",13,"RepMeehan"
"EndTrafficking",13,"RepMeehan"
"MedDeviceTax",13,"RepMeehan"
"NeverForget",13,"RepMeehan"
"Philadelphia",13,"RepMeehan"
"Philly",13,"RepMeehan"
"TrainWreck",12,"RepMeehan"
"education",11,"RepMeehan"
"Senate",11,"RepMeehan"
"USMNT",11,"RepMeehan"
"WWII",11,"RepMeehan"
"IRSabuse",10,"RepMeehan"
"SonyHack",10,"RepMeehan"
"Benghazi",9,"RepMeehan"
"BringBackOurGirls",9,"RepMeehan"
"Capitol",9,"RepMeehan"
"datahub",9,"RepMeehan"
"Horsham",9,"RepMeehan"
"Lancaster",9,"RepMeehan"
"PhillyVA",9,"RepMeehan"
"Cybersecurity",8,"RepMeehan"
"FourthofJuly",8,"RepMeehan"
"KeystoneXL",8,"RepMeehan"
"KidsFirst",8,"RepMeehan"
"NSBW2015",8,"RepMeehan"
"Springfield",8,"RepMeehan"
"veterans",8,"RepMeehan"
"ABLEAct",7,"RepMeehan"
"Berks",7,"RepMeehan"
"CapitolHill",7,"RepMeehan"
"Constitution",7,"RepMeehan"
"HappyHolidays",7,"RepMeehan"
"ISIS",7,"RepMeehan"
"Israel",7,"RepMeehan"
"SenateMustAct",7,"RepMeehan"
"AtThisMoment",6,"RepMeehan"
"CFATS",6,"RepMeehan"
"FtHood",6,"RepMeehan"
"July4thFacts",6,"RepMeehan"
"LWCF",6,"RepMeehan"
"Medicare",6,"RepMeehan"
"MemorialDay",6,"RepMeehan"
"MOHDay",6,"RepMeehan"
"NorthKorea",6,"RepMeehan"
"Osprey",6,"RepMeehan"
"TaxReform",6,"RepMeehan"
"USAvsBEL",6,"RepMeehan"
"Veterans",6,"RepMeehan"
"1N1T",5,"RepMeehan"
"AnthemHack",5,"RepMeehan"
"bipartisan",5,"RepMeehan"
"cyberattack",5,"RepMeehan"
"cybercrime",5,"RepMeehan"
"Eisenhower",5,"RepMeehan"
"Facebook",5,"RepMeehan"
"Jobs",5,"RepMeehan"
"Keystone",5,"RepMeehan"
"MadeInDelco",5,"RepMeehan"
"Normandy",5,"RepMeehan"
"PopeInDC",5,"RepMeehan"
"Reagan",5,"RepMeehan"
"WRRDA",5,"RepMeehan"
"Amtrak",4,"RepMeehan"
"autism",4,"RepMeehan"
"BrokenPromises",4,"RepMeehan"
"Cuba",4,"RepMeehan"
"Cures2015",4,"RepMeehan"
"CuresNow",4,"RepMeehan"
"Dday70",4,"RepMeehan"
"delco",4,"RepMeehan"
"IndependenceDay",4,"RepMeehan"
"JustAGlitch",4,"RepMeehan"
"Lanco",4,"RepMeehan"
"LetsTalk",4,"RepMeehan"
"MarchMadness",4,"RepMeehan"
"Navy",4,"RepMeehan"
"NDAA",4,"RepMeehan"
"obamacare",4,"RepMeehan"
"OneNationOneTeam",4,"RepMeehan"
"Outdoors4All",4,"RepMeehan"
"PA7",4,"RepMeehan"
"Path2Cures",4,"RepMeehan"
"PECO",4,"RepMeehan"
"Pentagon",4,"RepMeehan"
"PJNET",4,"RepMeehan"
"POTUS",4,"RepMeehan"
"President",4,"RepMeehan"
"Shale13",4,"RepMeehan"
"Trainwreck",4,"RepMeehan"
"United93",4,"RepMeehan"
"WW2",4,"RepMeehan"
"Accountability",3,"RepMeehan"
"Article32",3,"RepMeehan"
"believe",3,"RepMeehan"
"Believe",3,"RepMeehan"
"BetterWay",3,"RepMeehan"
"BrokenPromise",3,"RepMeehan"
"Chattanooga",3,"RepMeehan"
"college",3,"RepMeehan"
"Cyber",3,"RepMeehan"
"DataHub",3,"RepMeehan"
"Declaration",3,"RepMeehan"
"EndAlzheimers",3,"RepMeehan"
"endtrafficking",3,"RepMeehan"
"energy",3,"RepMeehan"
"Energy",3,"RepMeehan"
"EPA",3,"RepMeehan"
"FF",3,"RepMeehan"
"FourthOfJuly",3,"RepMeehan"
"Gettysburg",3,"RepMeehan"
"Hamas",3,"RepMeehan"
"Havertown",3,"RepMeehan"
"humantrafficking",3,"RepMeehan"
"LawEnforcementAppreciationDay",3,"RepMeehan"
"MedalOfHonor",3,"RepMeehan"
"MeehanYLS16",3,"RepMeehan"
"middleclass",3,"RepMeehan"
"moonshot",3,"RepMeehan"
"notonecent",3,"RepMeehan"
"Omaha",3,"RepMeehan"
"Paris",3,"RepMeehan"
"PresidentsDay",3,"RepMeehan"
"PurpleForAPurpose",3,"RepMeehan"
"Rangers",3,"RepMeehan"
"Repeal",3,"RepMeehan"
"RFS",3,"RepMeehan"
"Ridley",3,"RepMeehan"
"RidleyPark",3,"RepMeehan"
"SarahMurnaghan",3,"RepMeehan"
"sexualassault",3,"RepMeehan"
"Somerset",3,"RepMeehan"
"Sony",3,"RepMeehan"
"StopTrafficking",3,"RepMeehan"
"TaxDay",3,"RepMeehan"
"Trafficking",3,"RepMeehan"
"Transparency",3,"RepMeehan"
"VEDay",3,"RepMeehan"
"VeteransDay",3,"RepMeehan"
"vets",3,"RepMeehan"
"Vets",3,"RepMeehan"
"Villanova",3,"RepMeehan"
"WearRedDay",3,"RepMeehan"
"WorldCup",3,"RepMeehan"
"100days",2,"RepMeehan"
"21stCenturyCures",2,"RepMeehan"
"AA11",2,"RepMeehan"
"ACA",2,"RepMeehan"
"ALS",2,"RepMeehan"
"Alzheimers",2,"RepMeehan"
"Aston",2,"RepMeehan"
"BandOfBrothers",2,"RepMeehan"
"Baseball",2,"RepMeehan"
"BigData",2,"RepMeehan"
"Bipartisan",2,"RepMeehan"
"BostonMarathon",2,"RepMeehan"
"bringbackourgirls",2,"RepMeehan"
"Brussels",2,"RepMeehan"
"bureaucracy",2,"RepMeehan"
"Cannon",2,"RepMeehan"
"CapitolDome",2,"RepMeehan"
"CARA",2,"RepMeehan"
"ChallengerDisater",2,"RepMeehan"
"ChesCo",2,"RepMeehan"
"Chinook",2,"RepMeehan"
"CHIP",2,"RepMeehan"
"CyberMonday",2,"RepMeehan"
"Darby",2,"RepMeehan"
"DDay",2,"RepMeehan"
"DDay72",2,"RepMeehan"
"DelawareRiver",2,"RepMeehan"
"DelCo",2,"RepMeehan"
"delcosnow",2,"RepMeehan"
"Doctors",2,"RepMeehan"
"Easter",2,"RepMeehan"
"EmailPrivacy",2,"RepMeehan"
"Europe",2,"RepMeehan"
"FairnessForAll",2,"RepMeehan"
"FathersDay",2,"RepMeehan"
"FinalFour",2,"RepMeehan"
"FundOurTroops",2,"RepMeehan"
"GetCaughtReadingISD",2,"RepMeehan"
"GettysburgAddress",2,"RepMeehan"
"GuardianOfSmallBusiness",2,"RepMeehan"
"HappyBirthday41",2,"RepMeehan"
"HeartMonth",2,"RepMeehan"
"HolocaustRemembrance",2,"RepMeehan"
"HumanTrafficking",2,"RepMeehan"
"Independence",2,"RepMeehan"
"Irandeal",2,"RepMeehan"
"IRSAbuse",2,"RepMeehan"
"KeepYourPlan",2,"RepMeehan"
"KidsFirstResearchAct",2,"RepMeehan"
"Lincoln",2,"RepMeehan"
"LincolnMemorial",2,"RepMeehan"
"MarcellusShale",2,"RepMeehan"
"MarshallPlan",2,"RepMeehan"
"MayaAngelou",2,"RepMeehan"
"MedicareAdvantage",2,"RepMeehan"
"meehanYLS17",2,"RepMeehan"
"MiddleClass",2,"RepMeehan"
"MilitarySexualAssault",2,"RepMeehan"
"montco",2,"RepMeehan"
"MontcoPA",2,"RepMeehan"
"NationalDogDay",2,"RepMeehan"
"nationalparks",2,"RepMeehan"
"NationalSmallBusinessWeek",2,"RepMeehan"
"NeverAgain",2,"RepMeehan"
"NewtownSquare",2,"RepMeehan"
"Nigeria",2,"RepMeehan"
"Nigerian",2,"RepMeehan"
"nomore",2,"RepMeehan"
"NoMore",2,"RepMeehan"
"Obama",2,"RepMeehan"
"Orion",2,"RepMeehan"
"patients",2,"RepMeehan"
"PPL",2,"RepMeehan"
"Primos",2,"RepMeehan"
"Radnor",2,"RepMeehan"
"REACHAct",2,"RepMeehan"
"redtape",2,"RepMeehan"
"Revolution",2,"RepMeehan"
"RosaParks",2,"RepMeehan"
"RoshHashanah",2,"RepMeehan"
"saam",2,"RepMeehan"
"SAFEAct",2,"RepMeehan"
"SCOTUS",2,"RepMeehan"
"SEAL",2,"RepMeehan"
"Sebelius",2,"RepMeehan"
"SelectCommittee",2,"RepMeehan"
"SEPA",2,"RepMeehan"
"SEPTA",2,"RepMeehan"
"SGR",2,"RepMeehan"
"ShopSmallBiz",2,"RepMeehan"
"shutdown",2,"RepMeehan"
"SmallBiz",2,"RepMeehan"
"snow",2,"RepMeehan"
"SouthKorea",2,"RepMeehan"
"StandWithIsrael",2,"RepMeehan"
"StopGovtAbuse",2,"RepMeehan"
"SWATing",2,"RepMeehan"
"swatting",2,"RepMeehan"
"Teacher",2,"RepMeehan"
"TeacherAppreciationWeek",2,"RepMeehan"
"UpperDarby",2,"RepMeehan"
"US",2,"RepMeehan"
"USWNT",2,"RepMeehan"
"Utah",2,"RepMeehan"
"Victims",2,"RepMeehan"
"Victory",2,"RepMeehan"
"VictoryInEurope",2,"RepMeehan"
"Wawa",2,"RepMeehan"
"Wawa50th",2,"RepMeehan"
"WhiteHouse",2,"RepMeehan"
"Wildcats",2,"RepMeehan"
"WillowGrove",2,"RepMeehan"
"WorldCups",2,"RepMeehan"
"WorldStrokeDay",2,"RepMeehan"
"YMCA",2,"RepMeehan"
"100Days",1,"RepMeehan"
"113th",1,"RepMeehan"
"114th",1,"RepMeehan"
"13thAmendment",1,"RepMeehan"
"1in68",1,"RepMeehan"
"240NavyBday",1,"RepMeehan"
"4jobs",1,"RepMeehan"
"4thOfJuly2016",1,"RepMeehan"
"50years",1,"RepMeehan"
"529Day",1,"RepMeehan"
"82ndAirborne",1,"RepMeehan"
"911Day",1,"RepMeehan"
"ABetterWay",1,"RepMeehan"
"ABLE",1,"RepMeehan"
"AbuDhabi",1,"RepMeehan"
"academies",1,"RepMeehan"
"Act",1,"RepMeehan"
"Advantage",1,"RepMeehan"
"affordability",1,"RepMeehan"
"ag",1,"RepMeehan"
"Agriculture",1,"RepMeehan"
"AIPAC14",1,"RepMeehan"
"Aldan",1,"RepMeehan"
"alzheimers",1,"RepMeehan"
"America",1,"RepMeehan"
"Americans",1,"RepMeehan"
"AmericanSniper",1,"RepMeehan"
"Anniversary",1,"RepMeehan"
"Apollo13",1,"RepMeehan"
"Apple",1,"RepMeehan"
"ARB",1,"RepMeehan"
"ARenewableAmerica",1,"RepMeehan"
"ARod",1,"RepMeehan"
"attacks",1,"RepMeehan"
"audit",1,"RepMeehan"
"Autism",1,"RepMeehan"
"aviation",1,"RepMeehan"
"backlog",1,"RepMeehan"
"Backlog",1,"RepMeehan"
"Baltimore",1,"RepMeehan"
"bandofbrothers",1,"RepMeehan"
"Barcelona",1,"RepMeehan"
"Bastogne",1,"RepMeehan"
"BENES",1,"RepMeehan"
"BENESAct",1,"RepMeehan"
"BenghaziSelectCommittee",1,"RepMeehan"
"BerlinWall",1,"RepMeehan"
"better",1,"RepMeehan"
"BloodySunday",1,"RepMeehan"
"BlueRibbon",1,"RepMeehan"
"Boeing",1,"RepMeehan"
"Boston",1,"RepMeehan"
"Bowling",1,"RepMeehan"
"Boycott",1,"RepMeehan"
"BroadStreetRun",1,"RepMeehan"
"BrotherlyLove",1,"RepMeehan"
"BrynMawr",1,"RepMeehan"
"budget",1,"RepMeehan"
"Bureaucracy",1,"RepMeehan"
"Burger",1,"RepMeehan"
"CAC16",1,"RepMeehan"
"campus",1,"RepMeehan"
"Campus",1,"RepMeehan"
"CampusSafety",1,"RepMeehan"
"capital",1,"RepMeehan"
"CardsForDanny",1,"RepMeehan"
"CareerOneStop",1,"RepMeehan"
"Castro",1,"RepMeehan"
"CBO",1,"RepMeehan"
"cemetery",1,"RepMeehan"
"CerebralPalsy",1,"RepMeehan"
"ChaddsFord",1,"RepMeehan"
"Challenger",1,"RepMeehan"
"chaos",1,"RepMeehan"
"charity",1,"RepMeehan"
"Charleston",1,"RepMeehan"
"Charlie",1,"RepMeehan"
"ChattanoogaShooting",1,"RepMeehan"
"cheesesteaks",1,"RepMeehan"
"Cheltenham",1,"RepMeehan"
"CherryBlossom",1,"RepMeehan"
"ChesPenn",1,"RepMeehan"
"Chichester",1,"RepMeehan"
"China",1,"RepMeehan"
"Christmas",1,"RepMeehan"
"ChristmasTree",1,"RepMeehan"
"CivilRightsAct1964",1,"RepMeehan"
"CloseTheGap",1,"RepMeehan"
"CMS",1,"RepMeehan"
"cold",1,"RepMeehan"
"Columbia",1,"RepMeehan"
"compromise",1,"RepMeehan"
"Concord",1,"RepMeehan"
"Congratulations",1,"RepMeehan"
"CongressionalHockeyChallenge",1,"RepMeehan"
"CongressionalRecord",1,"RepMeehan"
"ConstitutionDay",1,"RepMeehan"
"ConstitutionDay2014",1,"RepMeehan"
"courts",1,"RepMeehan"
"CP",1,"RepMeehan"
"CradleOfLiberty",1,"RepMeehan"
"cure",1,"RepMeehan"
"cures2015",1,"RepMeehan"
"Customs",1,"RepMeehan"
"CutTheCode",1,"RepMeehan"
"CutWaste",1,"RepMeehan"
"cw150",1,"RepMeehan"
"Cyberattack",1,"RepMeehan"
"cybermonday",1,"RepMeehan"
"cyberthreat",1,"RepMeehan"
"CysticFibrosis",1,"RepMeehan"
"Data",1,"RepMeehan"
"DataMining",1,"RepMeehan"
"DataPrivacy",1,"RepMeehan"
"DaysOfRemembrance",1,"RepMeehan"
"dday70",1,"RepMeehan"
"DDay73",1,"RepMeehan"
"deathtax",1,"RepMeehan"
"debt",1,"RepMeehan"
"dedication",1,"RepMeehan"
"default",1,"RepMeehan"
"defund",1,"RepMeehan"
"Delaware",1,"RepMeehan"
"Delay",1,"RepMeehan"
"DemandARecount",1,"RepMeehan"
"Democrats",1,"RepMeehan"
"DHS",1,"RepMeehan"
"DMZ",1,"RepMeehan"
"doctors",1,"RepMeehan"
"DOD",1,"RepMeehan"
"DogAteMyHomeWork",1,"RepMeehan"
"dragons",1,"RepMeehan"
"Drexel",1,"RepMeehan"
"Dude",1,"RepMeehan"
"Earth",1,"RepMeehan"
"easethesqueeze",1,"RepMeehan"
"economy",1,"RepMeehan"
"Economy",1,"RepMeehan"
"ECPA",1,"RepMeehan"
"educators",1,"RepMeehan"
"electoral",1,"RepMeehan"
"Elementary",1,"RepMeehan"
"Eli",1,"RepMeehan"
"Email",1,"RepMeehan"
"EndALZ",1,"RepMeehan"
"EnergyBoom",1,"RepMeehan"
"European",1,"RepMeehan"
"Exton",1,"RepMeehan"
"fair",1,"RepMeehan"
"Families",1,"RepMeehan"
"family",1,"RepMeehan"
"Farm",1,"RepMeehan"
"FBI",1,"RepMeehan"
"FCC",1,"RepMeehan"
"Fed",1,"RepMeehan"
"FederalReserve",1,"RepMeehan"
"Figures",1,"RepMeehan"
"Firefighters",1,"RepMeehan"
"FireFighters",1,"RepMeehan"
"fixthecode",1,"RepMeehan"
"FixTheCode",1,"RepMeehan"
"Flight93",1,"RepMeehan"
"flooding",1,"RepMeehan"
"floodinsurance",1,"RepMeehan"
"FloodInsurance",1,"RepMeehan"
"Folcroft",1,"RepMeehan"
"forecast",1,"RepMeehan"
"FortHood",1,"RepMeehan"
"Founders",1,"RepMeehan"
"FoundingFathers",1,"RepMeehan"
"FoxNews",1,"RepMeehan"
"freedom",1,"RepMeehan"
"Freedom",1,"RepMeehan"
"freedoms",1,"RepMeehan"
"FreedomTower",1,"RepMeehan"
"FreeSpeech",1,"RepMeehan"
"Frein",1,"RepMeehan"
"Friendsofireland",1,"RepMeehan"
"FriendsOfIreland",1,"RepMeehan"
"Fulbright",1,"RepMeehan"
"Fumble",1,"RepMeehan"
"FY16NDAA",1,"RepMeehan"
"genes4medicine",1,"RepMeehan"
"GirlScoutsDay",1,"RepMeehan"
"Gitmo",1,"RepMeehan"
"Glenwood",1,"RepMeehan"
"Globally",1,"RepMeehan"
"GME",1,"RepMeehan"
"Gold",1,"RepMeehan"
"GoldStarMotherDay",1,"RepMeehan"
"GoldStarMothersDay",1,"RepMeehan"
"gop",1,"RepMeehan"
"GOP",1,"RepMeehan"
"govern",1,"RepMeehan"
"government",1,"RepMeehan"
"GreatestGeneration",1,"RepMeehan"
"GreenRoom",1,"RepMeehan"
"Gross",1,"RepMeehan"
"growth",1,"RepMeehan"
"Halloween",1,"RepMeehan"
"Hamburgers",1,"RepMeehan"
"Harrisburg",1,"RepMeehan"
"HarryTruman",1,"RepMeehan"
"Harvey",1,"RepMeehan"
"Hatboro",1,"RepMeehan"
"Haverford",1,"RepMeehan"
"hcr",1,"RepMeehan"
"health",1,"RepMeehan"
"healthcare",1,"RepMeehan"
"HealthCare",1,"RepMeehan"
"healthyheart",1,"RepMeehan"
"hearing",1,"RepMeehan"
"helicopters",1,"RepMeehan"
"Hero",1,"RepMeehan"
"Heroin",1,"RepMeehan"
"Heroism",1,"RepMeehan"
"Hezbollah",1,"RepMeehan"
"hhs",1,"RepMeehan"
"HHS",1,"RepMeehan"
"highway",1,"RepMeehan"
"highwaybill",1,"RepMeehan"
"hiring",1,"RepMeehan"
"Hockey",1,"RepMeehan"
"HockeyCaucus",1,"RepMeehan"
"Holiday",1,"RepMeehan"
"Holocaust",1,"RepMeehan"
"HolocaustRemembranceDay",1,"RepMeehan"
"HomeHeating",1,"RepMeehan"
"Homeland",1,"RepMeehan"
"HomelandSecurity",1,"RepMeehan"
"HoneyBrook",1,"RepMeehan"
"HonorFlight",1,"RepMeehan"
"horses",1,"RepMeehan"
"horseslaughter",1,"RepMeehan"
"HorseSlaughter",1,"RepMeehan"
"HouseFloor",1,"RepMeehan"
"HouseOfRepresentatives",1,"RepMeehan"
"Housing",1,"RepMeehan"
"Houston",1,"RepMeehan"
"HR3811",1,"RepMeehan"
"Human",1,"RepMeehan"
"HumaneAwards",1,"RepMeehan"
"HumanTraffickingAwarenessDay",1,"RepMeehan"
"IAD",1,"RepMeehan"
"ichthyosis",1,"RepMeehan"
"IG",1,"RepMeehan"
"ImperialPresidency",1,"RepMeehan"
"Incentives",1,"RepMeehan"
"indictment",1,"RepMeehan"
"Indictments",1,"RepMeehan"
"innovation",1,"RepMeehan"
"Instagram",1,"RepMeehan"
"Interview",1,"RepMeehan"
"irandeal",1,"RepMeehan"
"Iranian",1,"RepMeehan"
"Irma",1,"RepMeehan"
"IronDome",1,"RepMeehan"
"IRSbreach",1,"RepMeehan"
"israel",1,"RepMeehan"
"IwoJima",1,"RepMeehan"
"JDRFGovDay",1,"RepMeehan"
"Jerusalem",1,"RepMeehan"
"JihadJane",1,"RepMeehan"
"job",1,"RepMeehan"
"Job",1,"RepMeehan"
"JobFair",1,"RepMeehan"
"jobtraining",1,"RepMeehan"
"JohnHancock",1,"RepMeehan"
"JointSession",1,"RepMeehan"
"July4",1,"RepMeehan"
"July4th",1,"RepMeehan"
"Juno",1,"RepMeehan"
"KeepThePromise",1,"RepMeehan"
"Kennedy",1,"RepMeehan"
"lawenforcement",1,"RepMeehan"
"leadership",1,"RepMeehan"
"LetsRoll",1,"RepMeehan"
"Lexington",1,"RepMeehan"
"liberty",1,"RepMeehan"
"LifeSciences",1,"RepMeehan"
"LIUB",1,"RepMeehan"
"LLWS2014",1,"RepMeehan"
"Maguire",1,"RepMeehan"
"Maine",1,"RepMeehan"
"Mandates",1,"RepMeehan"
"Manning",1,"RepMeehan"
"Manufacturing",1,"RepMeehan"
"ManufacturingDay15",1,"RepMeehan"
"March4Life",1,"RepMeehan"
"MarchForLife",1,"RepMeehan"
"Marine",1,"RepMeehan"
"MarineCorps",1,"RepMeehan"
"Marines",1,"RepMeehan"
"Markazi",1,"RepMeehan"
"MarkItZero",1,"RepMeehan"
"MartinLutherKing",1,"RepMeehan"
"MeanTweets",1,"RepMeehan"
"MedicalDeviceTax",1,"RepMeehan"
"MegansLaw",1,"RepMeehan"
"memorialday",1,"RepMeehan"
"MemorialDay2016",1,"RepMeehan"
"memorialday2017",1,"RepMeehan"
"MemorialDay2017",1,"RepMeehan"
"Met",1,"RepMeehan"
"MfgDay14",1,"RepMeehan"
"MH370",1,"RepMeehan"
"MIA",1,"RepMeehan"
"MilitarySpouseAppreciationDay",1,"RepMeehan"
"Minutemen",1,"RepMeehan"
"MLKDay",1,"RepMeehan"
"MOH",1,"RepMeehan"
"Monday",1,"RepMeehan"
"montcopa",1,"RepMeehan"
"montcosnow",1,"RepMeehan"
"MonumentsForAll",1,"RepMeehan"
"MothersDay",1,"RepMeehan"
"MovingTheGoalPosts",1,"RepMeehan"
"Murnaghan",1,"RepMeehan"
"NAO",1,"RepMeehan"
"NARA",1,"RepMeehan"
"NatGas",1,"RepMeehan"
"NationalDiabetesMonth",1,"RepMeehan"
"NationalGuard",1,"RepMeehan"
"NavyYard",1,"RepMeehan"
"NCAAChampionship",1,"RepMeehan"
"NetanyahuSpeech",1,"RepMeehan"
"neverforget",1,"RepMeehan"
"NewYear",1,"RepMeehan"
"NIH",1,"RepMeehan"
"noreaster",1,"RepMeehan"
"NoteOneCent",1,"RepMeehan"
"NotReadyForPrimeTime",1,"RepMeehan"
"novanation",1,"RepMeehan"
"nuclear",1,"RepMeehan"
"nurses",1,"RepMeehan"
"Nurses",1,"RepMeehan"
"NursesWeek",1,"RepMeehan"
"NYFD343",1,"RepMeehan"
"NYPD",1,"RepMeehan"
"Oakland",1,"RepMeehan"
"ObamaCareInThreeWords",1,"RepMeehan"
"Office",1,"RepMeehan"
"omnibus",1,"RepMeehan"
"onenationoneteam",1,"RepMeehan"
"OpioidCrisis",1,"RepMeehan"
"OpioidEpidemic",1,"RepMeehan"
"outage",1,"RepMeehan"
"OutOfTouch",1,"RepMeehan"
"Overlord",1,"RepMeehan"
"Pacific",1,"RepMeehan"
"Paoli",1,"RepMeehan"
"ParisAttacks",1,"RepMeehan"
"ParisClimate",1,"RepMeehan"
"ParisClimateAccord",1,"RepMeehan"
"PartTime",1,"RepMeehan"
"Passover",1,"RepMeehan"
"Passport",1,"RepMeehan"
"PATurnpike",1,"RepMeehan"
"pawx",1,"RepMeehan"
"PaxonHollow",1,"RepMeehan"
"people",1,"RepMeehan"
"Philalphia",1,"RepMeehan"
"Philippines",1,"RepMeehan"
"Phoenix",1,"RepMeehan"
"PicasPizza",1,"RepMeehan"
"PoliceWeek",1,"RepMeehan"
"PoliceWeek2015",1,"RepMeehan"
"Pope",1,"RepMeehan"
"PopeFrancis",1,"RepMeehan"
"PopeInPhilly",1,"RepMeehan"
"PopeInUSA",1,"RepMeehan"
"Ports",1,"RepMeehan"
"PotterCup",1,"RepMeehan"
"PourForTheCure",1,"RepMeehan"
"POW",1,"RepMeehan"
"power",1,"RepMeehan"
"POWMIA",1,"RepMeehan"
"PreClearance",1,"RepMeehan"
"Presidential",1,"RepMeehan"
"PRIVATEAct",1,"RepMeehan"
"ProBlue",1,"RepMeehan"
"PTC",1,"RepMeehan"
"PublicSchools",1,"RepMeehan"
"PurpleHearts",1,"RepMeehan"
"QuikTrip",1,"RepMeehan"
"RaceForTheCure",1,"RepMeehan"
"rainy",1,"RepMeehan"
"rankings",1,"RepMeehan"
"RareDiseaseDay",1,"RepMeehan"
"Reality",1,"RepMeehan"
"Redcoats",1,"RepMeehan"
"RedTape",1,"RepMeehan"
"refining",1,"RepMeehan"
"refugee",1,"RepMeehan"
"refugees",1,"RepMeehan"
"ReligiousFreedom",1,"RepMeehan"
"RevolutionaryWar",1,"RepMeehan"
"RINs",1,"RepMeehan"
"RINS",1,"RepMeehan"
"Roosevelt",1,"RepMeehan"
"Rosemont",1,"RepMeehan"
"SacredHeart",1,"RepMeehan"
"SAFEACT",1,"RepMeehan"
"safety",1,"RepMeehan"
"Salisbury",1,"RepMeehan"
"SALUTE",1,"RepMeehan"
"SanBernardino",1,"RepMeehan"
"Saturday",1,"RepMeehan"
"SAVEAct",1,"RepMeehan"
"saveourgirls",1,"RepMeehan"
"SAVERSAct",1,"RepMeehan"
"ScienceOlympiad",1,"RepMeehan"
"ScreamingEagles",1,"RepMeehan"
"Security",1,"RepMeehan"
"Selma",1,"RepMeehan"
"senate",1,"RepMeehan"
"seniors",1,"RepMeehan"
"September",1,"RepMeehan"
"September11",1,"RepMeehan"
"service",1,"RepMeehan"
"ShamrockShuffle",1,"RepMeehan"
"SignTheBill",1,"RepMeehan"
"SKILLSAct",1,"RepMeehan"
"SleepApnea",1,"RepMeehan"
"smallbiz",1,"RepMeehan"
"SmallBizSat",1,"RepMeehan"
"SmallBusiness",1,"RepMeehan"
"SmallBusinesses",1,"RepMeehan"
"SmallBusinessSaturday",1,"RepMeehan"
"Snow",1,"RepMeehan"
"SocialSecurity",1,"RepMeehan"
"sonyhack",1,"RepMeehan"
"sotu",1,"RepMeehan"
"soundthealarm",1,"RepMeehan"
"SportsKid",1,"RepMeehan"
"SSAM",1,"RepMeehan"
"StanleyCup",1,"RepMeehan"
"startrek",1,"RepMeehan"
"StateDept",1,"RepMeehan"
"StatOfTheDay",1,"RepMeehan"
"StatueOfLiberty",1,"RepMeehan"
"StopGovtAbuseWeek",1,"RepMeehan"
"StopTheCuts",1,"RepMeehan"
"storm",1,"RepMeehan"
"Student",1,"RepMeehan"
"students",1,"RepMeehan"
"Success",1,"RepMeehan"
"Sunoco",1,"RepMeehan"
"Surprise",1,"RepMeehan"
"Swatting",1,"RepMeehan"
"SWATting",1,"RepMeehan"
"Sword",1,"RepMeehan"
"TasteOfAmerica",1,"RepMeehan"
"tax",1,"RepMeehan"
"TaxCode",1,"RepMeehan"
"TaxCutsAndJobsAct",1,"RepMeehan"
"TaxFreedomDay",1,"RepMeehan"
"taxpayer",1,"RepMeehan"
"taxreform",1,"RepMeehan"
"TayDay",1,"RepMeehan"
"TBT",1,"RepMeehan"
"Teachers",1,"RepMeehan"
"TeamTaney",1,"RepMeehan"
"TeamUSA",1,"RepMeehan"
"teaparty",1,"RepMeehan"
"TelAviv",1,"RepMeehan"
"ThankACopToday",1,"RepMeehan"
"ThankATeacher",1,"RepMeehan"
"Thanksgiving",1,"RepMeehan"
"TheLead",1,"RepMeehan"
"TheLongestDay",1,"RepMeehan"
"TheWestWing",1,"RepMeehan"
"THON14",1,"RepMeehan"
"Thorndale",1,"RepMeehan"
"Time2Build",1,"RepMeehan"
"TimetoBuild",1,"RepMeehan"
"Tinicum",1,"RepMeehan"
"today",1,"RepMeehan"
"TornadoWatch",1,"RepMeehan"
"trafficking",1,"RepMeehan"
"trainwreck",1,"RepMeehan"
"Treasury",1,"RepMeehan"
"treatment",1,"RepMeehan"
"Truman",1,"RepMeehan"
"TrumanDay",1,"RepMeehan"
"TUITIONAct",1,"RepMeehan"
"UDSD",1,"RepMeehan"
"Unbelievable",1,"RepMeehan"
"uninsured",1,"RepMeehan"
"UnitedStates",1,"RepMeehan"
"UNRWA",1,"RepMeehan"
"USAFA",1,"RepMeehan"
"UseThePen",1,"RepMeehan"
"USMA",1,"RepMeehan"
"USMC",1,"RepMeehan"
"USMC239",1,"RepMeehan"
"USMMA",1,"RepMeehan"
"USNA",1,"RepMeehan"
"USSCole",1,"RepMeehan"
"V22",1,"RepMeehan"
"VAAccountability",1,"RepMeehan"
"VEDay70",1,"RepMeehan"
"veteran",1,"RepMeehan"
"Veteran",1,"RepMeehan"
"VeteransCourts",1,"RepMeehan"
"VeteransForVeterans",1,"RepMeehan"
"VeteransHelpingVeterans",1,"RepMeehan"
"VeteransWheelchairGames",1,"RepMeehan"
"VetsCourts",1,"RepMeehan"
"Vietnam",1,"RepMeehan"
"VietnamVeteransDay",1,"RepMeehan"
"VJDay",1,"RepMeehan"
"VolunteerFirefighters",1,"RepMeehan"
"vote",1,"RepMeehan"
"VoteNow",1,"RepMeehan"
"WAD2014",1,"RepMeehan"
"WalkForTheWounded",1,"RepMeehan"
"WashingtonDC",1,"RepMeehan"
"WashTimesOpEd",1,"RepMeehan"
"wastes",1,"RepMeehan"
"WatersOfTheUSrule",1,"RepMeehan"
"Waterways",1,"RepMeehan"
"WawaDay",1,"RepMeehan"
"Wayne",1,"RepMeehan"
"weather",1,"RepMeehan"
"Weather",1,"RepMeehan"
"WestChester",1,"RepMeehan"
"whistleblower",1,"RepMeehan"
"WhiteHouseEasterEggRoll",1,"RepMeehan"
"winterstorm",1,"RepMeehan"
"WinterStorm",1,"RepMeehan"
"WomenInBusiness",1,"RepMeehan"
"WomenOn20s",1,"RepMeehan"
"WomensEqualityDay",1,"RepMeehan"
"World",1,"RepMeehan"
"WorldAidsDay",1,"RepMeehan"
"WorldAutismAwarenessDay",1,"RepMeehan"
"WorldAutismDay",1,"RepMeehan"
"worldwar2",1,"RepMeehan"
"WOTUS",1,"RepMeehan"
"WoundedWarriors",1,"RepMeehan"
"WWI",1,"RepMeehan"
"yadvocates",1,"RepMeehan"
"Yes",1,"RepMeehan"
"YouthSports",1,"RepMeehan"
"Zika",1,"RepMeehan"
"ZikaVirus",1,"RepMeehan"
